iteration,warp_factor,time_seconds
1,0.5,82.93010920006782
1,7,360
1,1,94.72554999997374
1,3,145.58192889997736
2,1,103.71795329998713
2,7,360
2,3,106.01268469996285
2,0.5,79.02143790002447
3,1,90.87861050001811
3,0.5,84.32597889995668
3,7,360
3,3,127.10963209997863
4,0.5,86.58429139992222
4,7,360
4,1,146.8292057000799
4,3,142.45900229993276
5,3,125.32817660004366
5,1,87.21519040002022
5,7,360
5,0.5,66.78664830001071
6,3,119.80704820004757
6,7,360
6,0.5,86.63435349997599
6,1,80.7838025999954
7,3,113.15089779999107
7,1,99.33573039993644
7,0.5,71.39830470003653
7,7,360
8,1,177.68620150000788
8,3,203.13084629992954
8,7,360
8,0.5,76.45633800001815
